False positive rate,True positive rate,Area
0.0,0.0,61.59
0.3157894736842105,0.4805194805194805,61.59
0.631578947368421,0.7922077922077922,61.59
0.868421052631579,0.974025974025974,61.59
1.0,1.0,61.59
