False positive rate,True positive rate,Area
0.0,0.0,52.59
0.4857142857142857,0.5125,52.59
0.7714285714285715,0.8125,52.59
0.8857142857142857,0.95,52.59
1.0,1.0,52.59
