Metric,Random Forest,AdaBoost,NeuralNet,XGBoost,SVC,KNN
Cross Validation,0.71 (+/- 0.15),0.75 (+/- 0.05),0.75 (+/- 0.12),0.74 (+/- 0.06),0.75 (+/- 0.12),0.71 (+/- 0.12)
Accuracy,68.7,60.0,62.61,60.87,68.7,63.48
Precision,75.0,70.73,73.42,71.08,72.92,70.65
Recall,82.5,72.5,72.5,73.75,87.5,81.25
F1 Score,78.57,71.6,72.96,72.39,79.55,75.58
Time,0 days 00:00:00.137178,0 days 00:00:00.124691,0 days 00:00:00.072831,0 days 00:00:00.025940,0 days 00:00:00.005084,0 days 00:00:00.002997
