False positive rate,True positive rate,Area
0.0,0.0,72.03
0.35802469135802467,0.7774566473988439,72.03
0.7283950617283951,0.9364161849710982,72.03
0.9629629629629629,0.9971098265895953,72.03
1.0,1.0,72.03
