Metric,Random Forest,AdaBoost,NeuralNet,XGBoost,SVC,KNN
Cross Validation,0.80 (+/- 0.05),0.82 (+/- 0.02),0.82 (+/- 0.02),0.82 (+/- 0.03),0.82 (+/- 0.01),0.79 (+/- 0.05)
Accuracy,78.22,81.5,81.97,81.5,81.03,81.03
Precision,83.55,84.68,84.75,84.14,81.93,84.6
Recall,91.04,94.22,94.8,95.09,98.27,93.64
F1 Score,87.14,89.19,89.5,89.28,89.36,88.89
Time,0 days 00:00:00.121454,0 days 00:00:00.114202,0 days 00:00:00.041529,0 days 00:00:00.028883,0 days 00:00:00.029246,0 days 00:00:00.000997
