False positive rate,True positive rate,Area
0.0,0.0,56.31
0.18359375,0.23053892215568864,56.31
0.53515625,0.6437125748502994,56.31
0.8671875,0.9251497005988024,56.31
1.0,1.0,56.31
