Metric,Random Forest,AdaBoost,NeuralNet,XGBoost,SVC,KNN
Cross Validation,0.59 (+/- 0.07),0.63 (+/- 0.06),0.58 (+/- 0.07),0.63 (+/- 0.06),0.62 (+/- 0.07),0.57 (+/- 0.05)
Accuracy,58.98,62.2,56.1,61.86,64.92,60.0
Precision,61.27,62.68,56.14,62.5,62.3,61.96
Recall,73.11,80.66,99.4,80.06,94.86,74.32
F1 Score,66.67,70.54,71.76,70.2,75.21,67.58
Time,0 days 00:00:00.185497,0 days 00:00:00.169581,0 days 00:00:00.055850,0 days 00:00:00.056849,0 days 00:00:00.098770,0 days 00:00:00.002991
