Metric,Random Forest,AdaBoost,NeuralNet,XGBoost,SVC,KNN
Cross Validation,0.57 (+/- 0.05),0.64 (+/- 0.05),0.59 (+/- 0.13),0.64 (+/- 0.05),0.61 (+/- 0.03),0.56 (+/- 0.04)
Accuracy,58.47,64.92,56.61,64.75,59.32,56.61
Precision,61.44,64.8,56.61,64.79,58.67,61.08
Recall,71.56,83.23,100.0,82.63,95.21,64.37
F1 Score,66.11,72.87,72.29,72.63,72.6,62.68
Time,0 days 00:00:00.141990,0 days 00:00:00.106790,0 days 00:00:00.093821,0 days 00:00:00.030062,0 days 00:00:00.079158,0 days 00:00:00.000998
