False positive rate,True positive rate,Area
0.0,0.0,50.08
0.9922779922779923,0.9939577039274925,50.08
1.0,0.9939577039274925,50.08
1.0,1.0,50.08
