False positive rate,True positive rate,Area
0.0,0.0,52.66
0.3709677419354839,0.40942028985507245,52.66
0.75,0.7898550724637681,52.66
0.9516129032258065,0.9565217391304348,52.66
1.0,1.0,52.66
