Metric,Random Forest,AdaBoost,NeuralNet,XGBoost,SVC,KNN
Cross Validation,0.75 (+/- 0.06),0.71 (+/- 0.04),0.30 (+/- 0.02),0.73 (+/- 0.06),0.71 (+/- 0.00),0.62 (+/- 0.05)
Accuracy,76.25,75.25,31.75,76.75,69.0,62.25
Precision,78.02,79.6,100.0,80.4,69.0,70.1
Recall,91.3,86.23,1.09,87.68,100.0,78.99
F1 Score,84.14,82.78,2.15,83.88,81.66,74.28
Time,0 days 00:00:00.171884,0 days 00:00:00.157617,0 days 00:00:00.006025,0 days 00:00:00.071323,0 days 00:00:00.156625,0 days 00:00:00.001032
