False positive rate,True positive rate,Area
0.0,0.0,50.54
0.0,0.0036231884057971015,50.54
0.0,0.010869565217391304,50.54
1.0,1.0,50.54
