False positive rate,True positive rate,Area
0.0,0.0,83.6
0.1259259259259259,0.5,83.6
0.22962962962962963,0.8363636363636363,83.6
0.4666666666666667,0.9590909090909091,83.6
1.0,1.0,83.6
