False positive rate,True positive rate,Area
0.0,0.0,78.15
0.17006802721088435,0.5769230769230769,78.15
0.3333333333333333,0.8413461538461539,78.15
0.782312925170068,0.9567307692307693,78.15
1.0,1.0,78.15
