Metric,Random Forest,AdaBoost,NeuralNet,XGBoost,SVC,KNN
Cross Validation,0.81 (+/- 0.07),0.82 (+/- 0.05),0.66 (+/- 0.13),0.81 (+/- 0.06),0.79 (+/- 0.04),0.73 (+/- 0.06)
Accuracy,78.87,80.85,60.0,81.69,80.85,78.87
Precision,80.26,81.12,60.0,80.83,83.11,81.08
Recall,85.92,88.73,100.0,91.08,85.45,84.51
F1 Score,82.99,84.75,75.0,85.65,84.26,82.76
Time,0 days 00:00:00.136633,0 days 00:00:00.125702,0 days 00:00:00.052889,0 days 00:00:00.054930,0 days 00:00:00.042938,0 days 00:00:00.000998
