False positive rate,True positive rate,Area
0.0,0.0,49.06
1.0,0.9812206572769953,49.06
1.0,0.9906103286384976,49.06
1.0,1.0,49.06
