False positive rate,True positive rate,Area
0.0,0.0,64.34
0.16393442622950818,0.29310344827586204,64.34
0.4426229508196721,0.6551724137931034,64.34
0.7377049180327869,0.9310344827586207,64.34
1.0,1.0,64.34
