False positive rate,True positive rate,Area
0.0,0.0,82.56
0.14814814814814814,0.6461538461538462,82.56
0.37037037037037035,0.8769230769230769,82.56
0.5555555555555556,0.9692307692307692,82.56
1.0,1.0,82.56
