Metric,Random Forest,AdaBoost,NeuralNet,XGBoost,SVC,KNN
Cross Validation,0.84 (+/- 0.05),0.74 (+/- 0.12),0.43 (+/- 0.01),0.79 (+/- 0.13),0.57 (+/- 0.01),0.63 (+/- 0.15)
Accuracy,78.99,73.11,51.26,73.11,48.74,60.5
Precision,74.63,72.41,0.0,71.67,48.74,58.46
Recall,86.21,72.41,0.0,74.14,100.0,65.52
F1 Score,80.0,72.41,0.0,72.88,65.54,61.79
Time,0 days 00:00:00.132642,0 days 00:00:00.132348,0 days 00:00:00.004972,0 days 00:00:00.071525,0 days 00:00:00.012952,0 days 00:00:00.000997
