False positive rate,True positive rate,Area
0.0,0.0,82.81
0.078,0.14583333333333334,82.81
0.214,0.78125,82.81
0.252,0.9427083333333334,82.81
1.0,1.0,82.81
