False positive rate,True positive rate,Area
0.0,0.0,80.94
0.06708595387840671,0.07906976744186046,80.94
0.16561844863731656,0.48372093023255813,80.94
0.259958071278826,0.9255813953488372,80.94
1.0,1.0,80.94
