Metric,Random Forest,AdaBoost,NeuralNet,XGBoost,SVC,KNN
Cross Validation,0.72 (+/- 0.06),0.77 (+/- 0.02),0.76 (+/- 0.06),0.77 (+/- 0.04),0.78 (+/- 0.06),0.72 (+/- 0.09)
Accuracy,73.41,77.17,76.45,77.31,78.61,72.54
Precision,58.2,67.48,57.07,67.06,65.73,56.83
Recall,51.16,51.16,97.67,53.02,65.12,48.37
F1 Score,54.46,58.2,72.04,59.22,65.42,52.26
Time,0 days 00:00:00.247914,0 days 00:00:00.192473,0 days 00:00:00.080347,0 days 00:00:00.050899,0 days 00:00:00.087758,0 days 00:00:00.002004
