False positive rate,True positive rate,Area
0.0,0.0,76.85
0.34057971014492755,0.7926829268292683,76.85
0.5289855072463768,0.967479674796748,76.85
0.7318840579710145,1.0,76.85
1.0,1.0,76.85
