Metric,Random Forest,AdaBoost,NeuralNet,XGBoost,SVC,KNN
Cross Validation,0.92 (+/- 0.07),0.83 (+/- 0.09),0.69 (+/- 0.08),0.85 (+/- 0.06),0.80 (+/- 0.06),0.84 (+/- 0.06)
Accuracy,90.36,87.76,70.57,88.28,82.29,80.73
Precision,89.29,87.23,70.81,86.81,81.4,81.02
Recall,97.28,95.72,95.33,97.28,95.33,93.0
F1 Score,93.11,91.28,81.26,91.74,87.81,86.59
Time,0 days 00:00:00.205479,0 days 00:00:00.155614,0 days 00:00:00.126901,0 days 00:00:00.034933,0 days 00:00:00.047933,0 days 00:00:00.007974
