False positive rate,True positive rate,Area
0.0,0.0,53.33
0.9057971014492754,0.9715447154471545,53.33
0.9130434782608695,0.9715447154471545,53.33
0.9130434782608695,0.9796747967479674,53.33
0.927536231884058,0.9796747967479674,53.33
0.927536231884058,0.983739837398374,53.33
0.9420289855072463,0.983739837398374,53.33
0.9420289855072463,0.991869918699187,53.33
0.9637681159420289,0.991869918699187,53.33
0.9637681159420289,1.0,53.33
1.0,1.0,53.33
